DROP TABLE IF EXISTS diaries;
CREATE TABLE diaries (
title TEXT
) DEFAULT CHARSET=utf8mb4;
SELECT mroonga_command('truncate mroonga_operations');
mroonga_command('truncate mroonga_operations')
true
INSERT INTO diaries VALUES("Unlogged: Research for Mroonga");
SET GLOBAL mroonga_enable_operations_recording = false;
FLUSH TABLES;
SELECT mroonga_command('truncate mroonga_operations');
mroonga_command('truncate mroonga_operations')
true
INSERT INTO diaries VALUES("Logged: Research for Mroonga");
DROP TABLE diaries;
SELECT mroonga_command('truncate mroonga_operations');
mroonga_command('truncate mroonga_operations')
true
SET GLOBAL mroonga_enable_operations_recording = default;
FLUSH TABLES;
