DROP TABLE IF EXISTS ids;
CREATE TABLE ids (
id int PRIMARY KEY
) COMMENT='ENGINE "InnoDB"';
INSERT INTO ids VALUES (1);
INSERT INTO ids VALUES (2);
INSERT INTO ids VALUES (3);
SELECT * FROM ids;
id
1
2
3
SET AUTOCOMMIT=0;
ALTER TABLE ids ENGINE=InnoDB;
SELECT * FROM ids;
id
1
2
3
DROP TABLE ids;
