DROP TABLE IF EXISTS diaries;
SET NAMES UTF8MB4;
CREATE TABLE diaries(
title TEXT,
FULLTEXT KEY (title)
) DEFAULT CHARSET=utf8mb4;
INSERT INTO diaries VALUES("Start groonga");
INSERT INTO diaries VALUES("Start mroonga");
INSERT INTO diaries VALUES("Start groonga and Ruby");
SELECT * FROM diaries;
title
Start groonga
Start mroonga
Start groonga and Ruby
SELECT *
FROM diaries
WHERE    MATCH(title) AGAINST("Ruby"    IN BOOLEAN MODE) OR
MATCH(title) AGAINST("mroonga" IN BOOLEAN MODE);
title
Start groonga and Ruby
Start mroonga
DROP TABLE diaries;
