CREATE DATABASE db1;
USE db1;
CREATE TABLE data (
id int
);
INSERT INTO data VALUES (1);
CREATE DATABASE db2;
USE db2;
CREATE TABLE data (
id int
);
INSERT INTO data VALUES (2);
USE db1;
SELECT sleep(1);
sleep(1)
0
SELECT mroonga_command('select data');
mroonga_command('select data')
[[[1],[["_id","UInt32"],["id","Int32"]],[1,1]]]
USE db2;
SELECT sleep(1);
sleep(1)
0
SELECT mroonga_command('select data');
mroonga_command('select data')
[[[1],[["_id","UInt32"],["id","Int32"]],[1,2]]]
USE test;
DROP DATABASE db1;
DROP DATABASE db2;
